{
  "dataset_rows_after_deduplication": 2087,
  "target_column": "Obesity",
  "best_model": "random_forest",
  "candidate_metrics": {
    "logistic_regression": {
      "cv_mean_accuracy": 0.5991458524392657,
      "cv_std_accuracy": 0.03224479633234472
    },
    "random_forest": {
      "cv_mean_accuracy": 0.8406232579885273,
      "cv_std_accuracy": 0.012326940468136425
    }
  },
  "holdout_accuracy": 0.8516746411483254,
  "classification_report": {
    "Insufficient_Weight": {
      "precision": 0.8928571428571429,
      "recall": 0.9433962264150944,
      "f1-score": 0.9174311926605505,
      "support": 53.0
    },
    "Normal_Weight": {
      "precision": 0.6557377049180327,
      "recall": 0.7017543859649122,
      "f1-score": 0.6779661016949152,
      "support": 57.0
    },
    "Obesity_Type_I": {
      "precision": 0.875,
      "recall": 0.9,
      "f1-score": 0.8873239436619719,
      "support": 70.0
    },
    "Obesity_Type_II": {
      "precision": 0.9047619047619048,
      "recall": 0.95,
      "f1-score": 0.926829268292683,
      "support": 60.0
    },
    "Obesity_Type_III": {
      "precision": 1.0,
      "recall": 0.9846153846153847,
      "f1-score": 0.9922480620155039,
      "support": 65.0
    },
    "Overweight_Level_I": {
      "precision": 0.7647058823529411,
      "recall": 0.7090909090909091,
      "f1-score": 0.7358490566037735,
      "support": 55.0
    },
    "Overweight_Level_II": {
      "precision": 0.8431372549019608,
      "recall": 0.7413793103448276,
      "f1-score": 0.7889908256880734,
      "support": 58.0
    },
    "accuracy": 0.8516746411483254,
    "macro avg": {
      "precision": 0.8480285556845689,
      "recall": 0.847176602347304,
      "f1-score": 0.8466626358024959,
      "support": 418.0
    },
    "weighted avg": {
      "precision": 0.8521410917492732,
      "recall": 0.8516746411483254,
      "f1-score": 0.8510039310900525,
      "support": 418.0
    }
  },
  "confusion_matrix": [
    [
      50,
      3,
      0,
      0,
      0,
      0,
      0
    ],
    [
      3,
      40,
      2,
      0,
      0,
      7,
      5
    ],
    [
      0,
      3,
      63,
      2,
      0,
      1,
      1
    ],
    [
      0,
      2,
      0,
      57,
      0,
      0,
      1
    ],
    [
      0,
      1,
      0,
      0,
      64,
      0,
      0
    ],
    [
      2,
      8,
      4,
      1,
      0,
      39,
      1
    ],
    [
      1,
      4,
      3,
      3,
      0,
      4,
      43
    ]
  ],
  "class_labels": [
    "Insufficient_Weight",
    "Normal_Weight",
    "Obesity_Type_I",
    "Obesity_Type_II",
    "Obesity_Type_III",
    "Overweight_Level_I",
    "Overweight_Level_II"
  ],
  "prediction_rows": 2087,
  "_preds_sample": [
    {
      "Gender": "Female",
      "Age": 21.0,
      "Height": 1.62,
      "Weight": 64.0,
      "family_history": "yes",
      "FAVC": "no",
      "FCVC": 2.0,
      "NCP": 3.0,
      "CAEC": "Sometimes",
      "SMOKE": "no",
      "CH2O": 2.0,
      "SCC": "no",
      "FAF": 0.0,
      "TUE": 1.0,
      "CALC": "no",
      "MTRANS": "Public_Transportation",
      "_y_true": "Normal_Weight",
      "_y_pred": "Normal_Weight",
      "prob_Insufficient_Weight": 0.0,
      "prob_Normal_Weight": 0.6375,
      "prob_Obesity_Type_I": 0.0075,
      "prob_Obesity_Type_II": 0.0,
      "prob_Obesity_Type_III": 0.0,
      "prob_Overweight_Level_I": 0.0075,
      "prob_Overweight_Level_II": 0.3475
    },
    {
      "Gender": "Female",
      "Age": 21.0,
      "Height": 1.52,
      "Weight": 56.0,
      "family_history": "yes",
      "FAVC": "no",
      "FCVC": 3.0,
      "NCP": 3.0,
      "CAEC": "Sometimes",
      "SMOKE": "yes",
      "CH2O": 3.0,
      "SCC": "yes",
      "FAF": 3.0,
      "TUE": 0.0,
      "CALC": "Sometimes",
      "MTRANS": "Public_Transportation",
      "_y_true": "Normal_Weight",
      "_y_pred": "Normal_Weight",
      "prob_Insufficient_Weight": 0.0425,
      "prob_Normal_Weight": 0.8,
      "prob_Obesity_Type_I": 0.015,
      "prob_Obesity_Type_II": 0.0,
      "prob_Obesity_Type_III": 0.035,
      "prob_Overweight_Level_I": 0.065,
      "prob_Overweight_Level_II": 0.0425
    },
    {
      "Gender": "Male",
      "Age": 23.0,
      "Height": 1.8,
      "Weight": 77.0,
      "family_history": "yes",
      "FAVC": "no",
      "FCVC": 2.0,
      "NCP": 3.0,
      "CAEC": "Sometimes",
      "SMOKE": "no",
      "CH2O": 2.0,
      "SCC": "no",
      "FAF": 2.0,
      "TUE": 1.0,
      "CALC": "Frequently",
      "MTRANS": "Public_Transportation",
      "_y_true": "Normal_Weight",
      "_y_pred": "Normal_Weight",
      "prob_Insufficient_Weight": 0.0025,
      "prob_Normal_Weight": 0.7475,
      "prob_Obesity_Type_I": 0.0325,
      "prob_Obesity_Type_II": 0.03,
      "prob_Obesity_Type_III": 0.0,
      "prob_Overweight_Level_I": 0.0325,
      "prob_Overweight_Level_II": 0.155
    }
  ]
}